{
    "header" :{
        "menu" : [
            {
                "text": "Zuhause",
                "link" : "home"
            },
            {
                "text": "Über uns",
                "link" : "smart"
            },
            {
                "text": "Galerie",
                "link" : "gallery"
            },
            {
                "text": "Produkte",
                "link" : "products"
            },
            {
                "text": "Dienstleistungen",
                "link" : "services"
            },
            {
                "text": "Kontaktiere uns",
                "link" : "contact"
            },
            {   "text":"Produkte verwalten",
                "link" : "manage-products"
            }
        ]
    }
}